{
  "project_info": {
    "project_number": "618368593972",
    "firebase_url": "https://be-aware-prj.firebaseio.com",
    "project_id": "be-aware-prj",
    "storage_bucket": "be-aware-prj.appspot.com"
  },
  "client": [
    {
      "client_info": {
        "mobilesdk_app_id": "1:618368593972:android:6a068b99e0cff1dccf9a61",
        "android_client_info": {
          "package_name": "com.hryniuk.beaware"
        }
      },
      "oauth_client": [
        {
          "client_id": "618368593972-lci9b063s2micgkidva3aq2g64c86717.apps.googleusercontent.com",
          "client_type": 3
        }
      ],
      "api_key": [
        {
          "current_key": "AIzaSyChOLuLz-iBeEHaZyBifhyqXB-lHy3LE_M"
        }
      ],
      "services": {
        "appinvite_service": {
          "other_platform_oauth_client": [
            {
              "client_id": "618368593972-lci9b063s2micgkidva3aq2g64c86717.apps.googleusercontent.com",
              "client_type": 3
            }
          ]
        }
      }
    }
  ],
  "configuration_version": "1"
}